2152.904287421,0.0,0.0
2152.907113074,0.0,0.0
2152.910646174,0.0,0.0
2152.912801881,0.0,0.0
2152.916292038,0.0,0.0
2152.919706844,0.0,0.0
2152.922213895,0.0,0.0
2152.925440687,0.0,0.0
2152.928905548,0.0,0.0
2152.931796608,0.0,0.0
2152.934920921,0.0,0.0
2152.938393652,0.0,0.0
2152.941910715,0.0,0.0
2152.944499171,0.0,0.0
2152.947861793,0.0,0.0
2152.951238416,0.0,0.0
2152.953057316,0.0,0.0
2152.955655512,0.0,0.0
2152.959108188,0.0,0.0
2152.9619941,0.0,0.0
2152.963824482,0.05324051513651627,29.087105939475485
2152.967237936,0.05324051513651627,0.0
2152.970614947,0.05324051513651627,0.0
2152.972755507,0.05377492552475681,0.24965914911503584
2152.975118468,0.05377492552475681,0.0
2152.976691486,0.0,-34.185829733327104
2152.977786904,0.0,0.0
2152.98131167,0.05377492552475681,15.256310779339241
2152.983166255,0.05140219391668334,-1.2793868214748692
2152.985868301,0.05140219391668334,0.0
2152.989194109,0.05140219391668334,0.0
2152.992266498,0.05140219391668334,0.0
2152.994102917,0.05260193986271541,0.6533073040594333
2152.995930891,0.05260193986271541,0.0
2152.999069463,0.05260193986271541,0.0
2153.00197643,0.05260193986271541,0.0
2153.003805034,0.05316233518958817,0.3064607355665792
2153.005633194,0.05316233518958817,0.0
2153.008873523,0.05316233518958817,0.0
2153.011868043,0.05316233518958817,0.0
2153.013702665,0.027570079069033783,-13.949607124240812
2153.015525751,0.027570079069033783,0.0
2153.018542974,0.027570079069033783,0.0
2153.021701398,0.027570079069033783,0.0
2153.023523706,0.02762659449370452,0.03101310243252602
2153.025351439,0.02762659449370452,0.0
2153.028568362,0.02762659449370452,0.0
2153.031747137,0.02762659449370452,0.0
2153.033565982,0.025513291422989987,-1.1618928885329458
2153.035393178,0.025513291422989987,0.0
2153.038492548,0.025513291422989987,0.0
2153.041982556,0.025513291422989987,0.0
2153.043914287,0.027551214832087494,1.0549726692398333
2153.045767483,0.027551214832087494,0.0
2153.047526589,0.027551214832087494,0.0
2153.050789473,0.027551214832087494,0.0
2153.052818405,0.0265322241402825,-0.502230085478387
2153.054589159,0.0265322241402825,0.0
2153.056932806,0.0265322241402825,0.0
2153.060216541,0.0265322241402825,0.0
2153.062420636,0.027570079069033783,0.4708757693505766
2153.064178464,0.027570079069033783,0.0
2153.065952995,0.027570079069033783,0.0
2153.069286267,0.027570079069033783,0.0
2153.07213942,0.027570079069033783,0.0
2153.073912525,0.0286247980842166,0.5948429534952385
2153.075673834,0.0286247980842166,0.0
2153.078838462,0.0286247980842166,0.0
2153.081997404,0.0286247980842166,0.0
2153.083758843,0.02855205388,-0.04129816827096203
2153.085525189,0.02855205388,0.0
2153.088348528,0.02855205388,0.0
2153.091854018,0.02855205388,0.0
2153.093645567,0.02651262146,-1.1383626237622355
2153.095432598,0.02651262146,0.0
2153.097180852,0.02651262146,0.0
2153.099684328,0.02651262146,0.0
2153.102281636,0.02651262146,0.0
2153.104060334,0.02753233767,0.5732936169584256
2153.105816458,0.02753233767,0.0
2153.108968548,0.02753233767,0.0
2153.109992135,0.0,-26.897896975036968
2153.112478204,0.02753233767,11.074647433169055
2153.114249421,0.02753233767,0.0
2153.116002619,0.02753233767,0.0
2153.119339594,0.02753233767,0.0
2153.122185044,0.02753233767,0.0
2153.123950779,0.02855205388,0.5775024055349876
2153.125729236,0.02855205388,0.0
2153.12857476,0.02855205388,0.0
2153.131913346,0.02855205388,0.0
2153.13370584,0.025574352439137627,-1.6612058066542028
2153.13546726,0.025574352439137627,0.0
2153.138315487,0.025574352439137627,0.0
2153.141599945,0.025574352439137627,0.0
2153.143408901,0.026551812348296042,0.540344767492874
2153.145163581,0.026551812348296042,0.0
2153.146953482,0.026551812348296042,0.0
2153.149460644,0.026551812348296042,0.0
2153.152309631,0.026551812348296042,0.0
2153.154069662,0.0265322241402825,-0.011129467615078175
2153.155820046,0.0265322241402825,0.0
2153.158759123,0.0265322241402825,0.0
2153.162048599,0.0265322241402825,0.0
2153.163797427,0.1334114635492415,61.11478053179674
2153.165547644,0.027607768873464732,-60.451758086563956
2153.168365224,0.027607768873464732,0.0
2153.171652812,0.027607768873464732,0.0
2153.173419973,0.027551214832087494,-0.03200276680034848
2153.17520267,0.027551214832087494,0.0
2153.177735683,0.027551214832087494,0.0
2153.181037566,0.027551214832087494,0.0
2153.183453934,0.0286247980842166,0.444296254595071
2153.185229113,0.0286247980842166,0.0
2153.187898067,0.0286247980842166,0.0
2153.191171081,0.0286247980842166,0.0
2153.193406286,0.0265322241402825,-0.9361888255898855
2153.19515754,0.0265322241402825,0.0
2153.196906812,0.0265322241402825,0.0
2153.198674807,0.0265322241402825,0.0
2153.20202217,0.0265322241402825,0.0
2153.203763924,0.02651262146,-0.011254563089672688
2153.205511308,0.02651262146,0.0
2153.208238613,0.02651262146,0.0
2153.211535996,0.02651262146,0.0
2153.213372285,0.027607768873464732,0.5963916428413486
2153.215137539,0.027607768873464732,0.0
2153.217424576,0.027607768873464732,0.0
2153.220708848,0.027607768873464732,0.0
2153.222976627,0.028570257295225047,0.42441896748079855
2153.224730159,0.028570257295225047,0.0
2153.226484468,0.028570257295225047,0.0
2153.229796425,0.028570257295225047,0.0
2153.232643393,0.028570257295225047,0.0
2153.234397462,0.02682454538411119,-0.9952355987679573
2153.236148679,0.02682454538411119,0.0
2153.239339787,0.02682454538411119,0.0
2153.24254008,0.02682454538411119,0.0
2153.244293093,0.02651262146,-0.1779358875566424
2153.246040662,0.02651262146,0.0
2153.247781194,0.02651262146,0.0
2153.250605996,0.02651262146,0.0
2153.252803351,0.02553366131958656,-0.4455175156294542
2153.254545253,0.02553366131958656,0.0
2153.256284896,0.02553366131958656,0.0
2153.259557465,0.02553366131958656,0.0
2153.262392008,0.02553366131958656,0.0
2153.264151706,0.0265322241402825,0.567462610420083
2153.265901182,0.0265322241402825,0.0
2153.268885869,0.0265322241402825,0.0
2153.272139457,0.0265322241402825,0.0
2153.273897489,0.026610490458199687,0.04451927946549271
2153.275648595,0.026610490458199687,0.0
2153.278524229,0.026610490458199687,0.0
2153.281775817,0.026610490458199687,0.0
2153.28360481,0.027551214832087494,0.5143400625067274
2153.28537873,0.027551214832087494,0.0
2153.287640453,0.027551214832087494,0.0
2153.290937929,0.027551214832087494,0.0
2153.29349609,0.030591486299999998,1.188459783263517
2153.295252677,0.030591486299999998,0.0
2153.297001172,0.030591486299999998,0.0
2153.298755314,0.030591486299999998,0.0
2153.302136307,0.030591486299999998,0.0
2153.303895116,0.025513291422989987,-2.8872918418699123
2153.305644296,0.025513291422989987,0.0
2153.308365545,0.025513291422989987,0.0
2153.311640781,0.025513291422989987,0.0
2153.313600548,0.024515640397212747,-0.5090661418694231
2153.315350987,0.024515640397212747,0.0
2153.317784817,0.024515640397212747,0.0
2153.321038461,0.024515640397212747,0.0
2153.323379386,0.029571770089999998,2.159885384316611
2153.325131547,0.029571770089999998,0.0
2153.327193535,0.029571770089999998,0.0
2153.330486585,0.029571770089999998,0.0
2153.332960803,0.028570257295225047,-0.4047795282514145
2153.334710279,0.028570257295225047,0.0
2153.336468885,0.028570257295225047,0.0
2153.339748861,0.028570257295225047,0.0
2153.342803583,0.028570257295225047,0.0
2153.344578355,0.02651262146,-1.1593803797809246
2153.346331998,0.02651262146,0.0
2153.348074178,0.02651262146,0.0
2153.350871036,0.02651262146,0.0
2153.35311076,0.02753233767,0.4552865487014098
2153.354882088,0.02753233767,0.0
2153.356648712,0.02753233767,0.0
2153.359929021,0.02753233767,0.0
2153.362790397,0.02753233767,0.0
2153.364543984,0.02958934618075829,1.1730290601851372
2153.366296516,0.02958934618075829,0.0
2153.369487124,0.02958934618075829,0.0
2153.372621844,0.02958934618075829,0.0
2153.374395524,0.0286247980842166,-0.5438117904688604
2153.376148296,0.0286247980842166,0.0
2153.378976005,0.0286247980842166,0.0
2153.384117511,0.02659094547542452,-0.3955752669962757
2153.385977133,0.02659094547542452,0.0
2153.388807305,0.02659094547542452,0.0
2153.392150261,0.02659094547542452,0.0
2153.393961458,0.027607768873464732,0.5614096081976514
2153.395729267,0.027607768873464732,0.0
2153.397501743,0.027607768873464732,0.0
2153.399273571,0.027607768873464732,0.0
2153.402489882,0.027607768873464732,0.0
2153.404549202,0.025513291422989987,-1.0170723589828379
2153.406327104,0.025513291422989987,0.0
2153.409394345,0.025513291422989987,0.0
2153.412624692,0.025513291422989987,0.0
2153.414394594,0.0265322241402825,0.5757000767867819
2153.416155033,0.0265322241402825,0.0
2153.418973409,0.0265322241402825,0.0
2153.4222552,0.0265322241402825,0.0
2153.424012528,0.026551812348296042,0.011146586190368766
2153.425769338,0.026551812348296042,0.0
2153.428123577,0.026551812348296042,0.0
2153.431386258,0.026551812348296042,0.0
2153.433573427,0.027776740134707652,0.5600517319974194
2153.435336181,0.027776740134707652,0.0
2153.437275578,0.027776740134707652,0.0
2153.44056174,0.027776740134707652,0.0
2153.443352968,0.027776740134707652,0.0
2153.445126777,0.025574352439137627,-1.241614906406362
2153.446897309,0.025574352439137627,0.0
2153.448652803,0.025574352439137627,0.0
2153.450957007,0.025574352439137627,0.0
2153.453359264,0.028570257295225047,1.2471208767343087
2153.455113536,0.028570257295225047,0.0
2153.456859994,0.028570257295225047,0.0
2153.460271726,0.028570257295225047,0.0
2153.463093195,0.028570257295225047,0.0
2153.464837671,0.029851745755295565,0.7345979308329731
2153.466585759,0.029851745755295565,0.0
2153.469769015,0.029851745755295565,0.0
2153.472785961,0.029851745755295565,0.0
2153.474540622,0.02855205388,-0.7407082482035426
2153.476295765,0.02855205388,0.0
2153.479147696,0.02855205388,0.0
2153.482486412,0.02855205388,0.0
2153.484225999,0.02753233767,-0.5861829330840661
2153.485970809,0.02753233767,0.0
2153.488351288,0.02753233767,0.0
2153.491613839,0.02753233767,0.0
2153.493936246,0.026610490458199687,-0.3969361148904807
2153.495684204,0.026610490458199687,0.0
2153.497425995,0.026610490458199687,0.0
2153.499185564,0.026610490458199687,0.0
2153.501206367,0.026610490458199687,0.0
2153.503442128,0.02783283593092679,0.54672457060095
2153.505202585,0.02783283593092679,0.0
2153.507688969,0.02783283593092679,0.0
2153.510957483,0.02783283593092679,0.0
2153.513347462,0.3303911992972628,126.59456979535771
2153.515098698,0.3303911992972628,0.0
2153.516963616,0.3303911992972628,0.0
2153.520230833,0.3303911992972628,0.0
2153.523090338,0.3303911992972628,0.0
2153.524838814,0.5669741337774165,135.30808231157408
2153.526588587,0.5669741337774165,0.0
2153.529880804,0.5669741337774165,0.0
2153.532914045,0.5669741337774165,0.0
2153.53466928,0.6651966111907813,55.95973041348697
2153.536420683,0.6651966111907813,0.0
2153.539788694,0.6651966111907813,0.0
2153.543067152,0.6651966111907813,0.0
2153.544812165,0.30022807379654454,-209.1494661197404
2153.546564789,0.30022807379654454,0.0
2153.548312229,0.30022807379654454,0.0
2153.550080075,0.30022807379654454,0.0
2153.551827199,0.30022807379654454,0.0
2153.553779874,0.30022807379654454,0.0
2153.555522369,0.11866009513628718,-104.19999982360063
2153.557289623,0.11866009513628718,0.0
2153.55904058,0.11866009513628718,0.0
2153.56080613,0.11866009513628718,0.0
2153.563084001,0.11866009513628718,0.0
2153.564824441,0.13829096344752598,11.279255998879348
2153.566575491,0.13829096344752598,0.0
2153.569855801,0.13829096344752598,0.0
2153.572984688,0.13829096344752598,0.0
2153.574732238,0.5913175952636366,259.2352904605827
2153.576493603,0.5913175952636366,0.0
2153.580143015,0.5913175952636366,0.0
2153.583121739,0.5913175952636366,0.0
2153.584872919,1.8136033356859012,697.978357629467
2153.586624562,1.8136033356859012,0.0
2153.589940945,1.8136033356859012,0.0
2153.593270235,1.8136033356859012,0.0
2153.595029192,1.8837051145116381,39.854174283446596
2153.596802168,1.8837051145116381,0.0
2153.598546829,1.8837051145116381,0.0
2153.60029151,1.8837051145116381,0.0
2153.602048615,1.8837051145116381,0.0
2153.604006512,1.4913516036813341,-200.39537872935645
2153.605767303,1.4913516036813341,0.0
2153.607512742,1.4913516036813341,0.0
2153.609268533,1.4913516036813341,0.0
2153.611049805,1.4913516036813341,0.0
2153.613039479,1.4913516036813341,0.0
2153.614787715,1.0532113588144913,-250.61847758248544
2153.616539543,1.0532113588144913,0.0
2153.618961966,1.0532113588144913,0.0
2153.62223335,1.0532113588144913,0.0
2153.624164007,0.6888558494469597,-188.72099462728423
2153.625917668,0.6888558494469597,0.0
2153.628511179,0.6888558494469597,0.0
2153.631812766,0.6888558494469597,0.0
2153.634095285,0.6625715440980419,-11.515481514138937
2153.635843836,0.6625715440980419,0.0
2153.638342609,0.6625715440980419,0.0
2153.641606011,0.6625715440980419,0.0
2153.643998139,0.4974177344731027,-69.04054031933529
2153.645774985,0.4974177344731027,0.0
2153.647525461,0.4974177344731027,0.0
2153.649283344,0.4974177344731027,0.0
2153.651073801,33.34427071838431,18345.513455202057
2153.653043216,0.4974177344731027,-16678.482183911798
2153.654795359,0.22298001717095708,-156.62974839078123
2153.656551039,0.22298001717095708,0.0
2153.658289978,0.22298001717095708,0.0
2153.660059954,0.22298001717095708,0.0
2153.661810079,0.22298001717095708,0.0
2153.663654219,0.47773568403593136,138.14334426669694
2153.665408658,0.47773568403593136,0.0
2153.667174004,0.47773568403593136,0.0
2153.670538349,0.47773568403593136,0.0
2153.673391521,0.47773568403593136,0.0
2153.675134664,0.5980833339426802,69.04060649664429
2153.676883214,0.5980833339426802,0.0
2153.680162339,0.5980833339426802,0.0
2153.683263727,0.5980833339426802,0.0
2153.685048906,0.6896245058494216,51.27842749341933
2153.686831974,0.6896245058494216,0.0
2153.69017193,0.6896245058494216,0.0
2153.69347535,0.6896245058494216,0.0
2153.69523216,0.7904603017071462,57.39709806235552
2153.696986488,0.7904603017071462,0.0
2153.698814703,0.7904603017071462,0.0
2153.700580753,0.7904603017071462,0.0
2153.702350192,0.7904603017071462,0.0
2153.704324496,0.9328514147757362,72.12218232508947
2153.706088509,1.0582541920072794,71.08948586810207
2153.707843651,0.9328514147757362,-71.44879287540076
2153.709593017,0.9328514147757362,0.0
2153.71134403,0.9328514147757362,0.0
2153.71326702,0.9328514147757362,0.0
2153.715013978,1.1510292612770314,124.8901498898903
2153.716763751,1.1510292612770314,0.0
2153.718779906,1.1510292612770314,0.0
2153.722082733,1.1510292612770314,0.0
2153.724245755,1.3074921173257674,72.33530498424756
2153.72600012,1.3074921173257674,0.0
2153.728653519,1.3074921173257674,0.0
2153.731937366,1.3074921173257674,0.0
2153.734290272,1.7533752623825134,189.50316968956096
2153.736041267,1.7533752623825134,0.0
2153.738568206,1.7533752623825134,0.0
2153.741850627,1.7533752623825134,0.0
2153.7443289,1.9905223480830478,95.69046094878634
2153.74608695,1.9905223480830478,0.0
2153.747860907,1.9905223480830478,0.0
2153.749614587,1.9905223480830478,0.0
2153.751399766,1.9905223480830478,0.0
2153.753449161,1.9905223480830478,0.0
2153.755240822,2.2864511538832883,165.1700884292085
2153.757016186,2.2864511538832883,0.0
2153.758789273,2.2864511538832883,0.0
2153.760543398,2.2864511538832883,0.0
2153.762742178,2.2864511538832883,0.0
2153.764515672,2.6689505166701015,215.67558883526564
2153.766280426,2.6689505166701015,0.0
2153.768279118,2.6689505166701015,0.0
2153.77158152,2.6689505166701015,0.0
2153.774013387,1.7011036503679557,-397.985114397815
2153.775778474,1.7011036503679557,0.0
2153.777960755,1.7011036503679557,0.0
2153.781248546,1.7011036503679557,0.0
2153.783872612,1.7011036503679557,0.0
2153.7856227,1.4046723114647648,-169.38081904817574
2153.787377472,1.4046723114647648,0.0
2153.790662763,1.4046723114647648,0.0
2153.793796836,1.4046723114647648,0.0
2153.795531609,1.137413328463716,-154.05991620132116
2153.797288048,1.137413328463716,0.0
2153.799035728,1.137413328463716,0.0
2153.800779778,1.137413328463716,0.0
2153.802517125,1.137413328463716,0.0
2153.804452449,2.0379109457413738,465.295535674422
2153.80619787,2.0379109457413738,0.0
2153.807930587,2.0379109457413738,0.0
2153.809676804,2.0379109457413738,0.0
2153.811430651,2.0379109457413738,0.0
2153.813406214,2.0379109457413738,0.0
2153.815151209,0.8173068361804628,-699.4886001520745
2153.816897037,0.8173068361804628,0.0
2153.818956284,0.8173068361804628,0.0
2153.819993555,0.0,-787.9395412897029
2153.82340488,0.8173068361804628,239.5863297127236
2153.825177041,0.4675162514048648,-197.38081626788136
2153.826940536,0.4675162514048648,0.0
2153.830093756,0.4675162514048648,0.0
2153.833368862,0.4675162514048648,0.0
2153.843066591,0.7991485425595987,34.196902301082254
2153.844875029,1.2773348835046454,264.4195382821944
2153.84667006,1.2773348835046454,0.0
2153.848429073,1.2773348835046454,0.0
2153.850204122,1.2773348835046454,0.0
2153.85196545,1.2773348835046454,0.0
2153.853992753,1.2773348835046454,0.0
2153.855744785,0.40293244437689496,-499.0790346493159
2153.857500539,0.40293244437689496,0.0
2153.85926883,0.40293244437689496,0.0
2153.861088267,0.40293244437689496,0.0
2153.862864409,0.40293244437689496,0.0
2153.864699828,0.39567222799315616,-3.9556179723358955
2153.866462823,0.39567222799315616,0.0
2153.868468941,0.39567222799315616,0.0
2153.871788601,0.39567222799315616,0.0
2153.874244005,0.057003869082961275,-137.92775400549468
2153.87600887,0.057003869082961275,0.0
2153.878024581,0.057003869082961275,0.0
2153.881329167,0.057003869082961275,0.0
2153.882382661,0.0,-54.1093438336976
2153.884593107,0.2754876153249862,124.62987801241388
2153.88636475,0.2754876153249862,0.0
2153.889235847,0.2754876153249862,0.0
2153.892629543,0.2754876153249862,0.0
2153.894970783,0.09700712034628033,-76.23331865710595
2153.896842775,0.09700712034628033,0.0
2153.898700211,0.09700712034628033,0.0
2153.900559666,0.09700712034628033,0.0
2153.902418825,0.09700712034628033,0.0
2153.904466294,0.1960349714270516,48.3659831143967
2153.906319787,0.1960349714270516,0.0
2153.908174353,0.1960349714270516,0.0
2153.91009464,0.1960349714270516,0.0
2153.911968558,0.1960349714270516,0.0
2153.914018712,0.1960349714270516,0.0
2153.915873741,0.15846337408270061,-20.253913739900305
2153.917733455,0.15846337408270061,0.0
2153.920671014,0.15846337408270061,0.0
2153.924010711,0.15846337408270061,0.0
2153.925891036,0.1579013347290191,-0.29890543054043633
2153.928055169,0.1579013347290191,0.0
2153.931428069,0.1579013347290191,0.0
2153.934191336,0.1579013347290191,0.0
2153.936059884,0.22225135288472836,34.438514909712275
2153.938314051,0.22225135288472836,0.0
2153.941703636,0.22225135288472836,0.0
2153.944503809,0.13782776414759745,-30.149418891236188
2153.94637932,0.13782776414759745,0.0
2153.948216368,0.13782776414759745,0.0
2153.949964122,0.13782776414759745,0.0
2153.951794337,0.13782776414759745,0.0
2153.953792585,0.13782776414759745,0.0
2153.95602505,0.06507834923858656,-32.587034919724175
2153.957787859,0.06507834923858656,0.0
2153.959586408,0.06507834923858656,0.0
2153.961457345,0.06507834923858656,0.0
2153.963580904,0.06507834923858656,0.0
2153.96537738,0.061114953710044294,-2.206205665193098
2153.967186669,0.061114953710044294,0.0
2153.970495275,0.061114953710044294,0.0
2153.973752066,0.061114953710044294,0.0
2153.97554806,0.05967736116073177,-0.8004439598636283
2153.97747218,0.05967736116073177,0.0
2153.980808803,0.05967736116073177,0.0
2153.983956413,0.05967736116073177,0.0
2153.985750406,0.053005629365446984,-3.71892855534437
2153.987780857,0.053005629365446984,0.0
2153.991129203,0.053005629365446984,0.0
2153.994209684,0.053005629365446984,0.0
2153.996008714,0.061157474381514004,4.5312446245837155
2153.997803745,0.061157474381514004,0.0
2153.999601072,0.061157474381514004,0.0
2154.002136566,0.061157474381514004,0.0
2154.004773966,0.060679540937494586,-0.1812138636669864
2154.006578181,0.060679540937494586,0.0
2154.009711402,0.060679540937494586,0.0
2154.013016989,0.060679540937494586,0.0
2154.015025385,0.05894100829301895,-0.8656323973074843
2154.016822045,0.05894100829301895,0.0
2154.018975975,0.05894100829301895,0.0
2154.02229608,0.05894100829301895,0.0
2154.024565266,0.06002483053758576,0.47762600536244687
2154.026363926,0.06002483053758576,0.0
2154.02815829,0.06002483053758576,0.0
2154.031321973,0.06002483053758576,0.0
2154.034393695,0.06002483053758576,0.0
2154.036205318,0.059781814031490035,-0.13414297900423622
2154.037938499,0.059781814031490035,0.0
2154.041283251,0.059781814031490035,0.0
2154.044575876,0.059781814031490035,0.0
2154.046385536,0.060790824663934775,0.5575691746557807
2154.048204195,0.060790824663934775,0.0
2154.050205832,0.060790824663934775,0.0
2154.052063176,0.060790824663934775,0.0
2154.05412283,0.060790824663934775,0.0
2154.056246594,0.056665401330236134,-1.9425055387905397
2154.058378042,0.056665401330236134,0.0
2154.060244238,0.056665401330236134,0.0
2154.062118156,0.056665401330236134,0.0
2154.064159107,0.056665401330236134,0.0
2154.06600321,0.05646318838535528,-0.1096538234917271
2154.067855369,0.05646318838535528,0.0
2154.069702806,0.05646318838535528,0.0
2154.072900488,0.05646318838535528,0.0
2154.075094009,0.05814171097579964,0.7652183819005492
2154.076950039,0.05814171097579964,0.0
2154.079317852,0.05814171097579964,0.0
2154.083227054,0.05814171097579964,0.0
2154.085218228,0.055758992416658,-1.1966400520799725
2154.087001648,0.055758992416658,0.0
2154.089029025,0.055758992416658,0.0
2154.092311297,0.055758992416658,0.0
2154.094924234,0.05580559417357375,0.017835009767982565
2154.096686321,0.05580559417357375,0.0
2154.098443224,0.05580559417357375,0.0
2154.100199514,0.05580559417357375,0.0
2154.101947806,0.05580559417357375,0.0
2154.103868852,0.05580559417357375,0.0
2154.105619347,0.05147294714207527,-2.4750982043317844
2154.107366675,0.05147294714207527,0.0
2154.109109429,0.05147294714207527,0.0
2154.110857905,0.05147294714207527,0.0
2154.112600511,0.05147294714207527,0.0
2154.114567242,0.05147294714207527,0.0
2154.116354032,0.050668712404450054,-0.4501003126174742
2154.118125934,0.050668712404450054,0.0
2154.119891187,0.050668712404450054,0.0
2154.122274963,0.050668712404450054,0.0
2154.124710904,0.04863736335196573,-0.833907328848355
2154.126460992,0.04863736335196573,0.0
2154.12820282,0.04863736335196573,0.0
2154.131253413,0.04863736335196573,0.0
2154.134250211,0.04863736335196573,0.0
2154.135988614,0.05017376806236408,0.8838023810404658
2154.137730423,0.05017376806236408,0.0
2154.140483394,0.05017376806236408,0.0
2154.143770667,0.05017376806236408,0.0
2154.145579234,0.049558627440523785,-0.3401259792282662
2154.147894678,0.049558627440523785,0.0
2154.149681098,0.049558627440523785,0.0
2154.15152172,0.049558627440523785,0.0
2154.154456816,0.049558627440523785,0.0
2154.156278457,0.0495061455583441,-0.028810222312289635
2154.158101265,0.0495061455583441,0.0
2154.161257133,0.0495061455583441,0.0
2154.164327319,0.0495061455583441,0.0
2154.166128979,0.047839798795666126,-0.9248952426814233
2154.167943824,0.047839798795666126,0.0
2154.170819032,0.047839798795666126,0.0
2154.17419058,0.047839798795666126,0.0
2154.176000018,0.04858388630077316,0.41122575352662066
2154.177812567,0.04858388630077316,0.0
2154.180414134,0.04858388630077316,0.0
2154.183750387,0.04858388630077316,0.0
2154.18560299,0.046951260214673045,-0.8812606296235665
2154.187423502,0.046951260214673045,0.0
2154.189516636,0.046951260214673045,0.0
2154.192875111,0.046951260214673045,0.0
2154.195473919,0.05062765185280791,1.4146453443083347
2154.197323504,0.05062765185280791,0.0
2154.199159441,0.05062765185280791,0.0
2154.20097299,0.05062765185280791,0.0
2154.20278715,0.05062765185280791,0.0
2154.204781916,0.05015303938225511,-0.23792889521597668
2154.206597798,0.05015303938225511,0.0
2154.20842455,0.05015303938225511,0.0
2154.210242988,0.05015303938225511,0.0
2154.212048667,0.05015303938225511,0.0
2154.213851234,0.05015303938225511,0.0
2154.215660802,0.050432157700214704,0.15424582990233607
2154.217476776,0.050432157700214704,0.0
2154.219293788,0.050432157700214704,0.0
2154.221151003,0.050432157700214704,0.0
2154.224029952,0.050432157700214704,0.0
2154.225842556,0.054628625256805736,2.3151596028163013
2154.227669012,0.054628625256805736,0.0
2154.229719833,0.054628625256805736,0.0
2154.233047715,0.054628625256805736,0.0
2154.235469194,0.07338415176551066,7.745483858463761
2154.237297428,0.07338415176551066,0.0
2154.239119106,0.07338415176551066,0.0
2154.242447526,0.07338415176551066,0.0
2154.245181904,0.06391758204260034,-3.4620559857033464
2154.246993471,0.06391758204260034,0.0
2154.248919592,0.06391758204260034,0.0
2154.250725122,0.06391758204260034,0.0
2154.252478135,0.06391758204260034,0.0
2154.254474532,0.06391758204260034,0.0
2154.256217156,0.08099525682805164,9.79997680996894
2154.257958355,0.08099525682805164,0.0
2154.259697276,0.08099525682805164,0.0
2154.261439771,0.08099525682805164,0.0
2154.263442426,0.08099525682805164,0.0
2154.265369917,0.06774017072799521,-6.876860177111632
2154.267119856,0.06774017072799521,0.0
2154.268860962,0.06774017072799521,0.0
2154.270624642,0.06774017072799521,0.0
2154.273911933,0.06774017072799521,0.0
2154.275743703,0.14902167720785614,44.37320541131199
2154.277497161,0.14902167720785614,0.0
2154.280408646,0.14902167720785614,0.0
2154.283694326,0.14902167720785614,0.0
2154.285654427,0.3913133552981878,123.61183332047763
2154.287405329,0.3913133552981878,0.0
2154.29005858,0.3913133552981878,0.0
2154.293327057,0.3913133552981878,0.0
2154.295643094,0.508749487927453,50.705637537673844
2154.297400236,0.508749487927453,0.0
2154.299143342,0.508749487927453,0.0
2154.300886171,0.508749487927453,0.0
2154.302628666,0.508749487927453,0.0
2154.30457623,0.508749487927453,0.0
2154.306311484,1.2406191945589733,421.76517472097674
2154.308060942,1.2406191945589733,0.0
2154.309812437,1.2406191945589733,0.0
2154.311580079,1.2406191945589733,0.0
2154.313329481,1.2406191945589733,0.0
2154.315103716,1.2406191945589733,0.0
2154.316848082,1.5441537349511048,174.00851679492726
2154.318589299,1.5441537349511048,0.0
2154.321457489,1.5441537349511048,0.0
2154.324552581,1.5441537349511048,0.0
2154.326294483,1.7071599570405607,93.57944481657576
2154.32804483,1.7071599570405607,0.0
2154.331893515,1.7071599570405607,0.0
2154.334761983,1.7071599570405607,0.0
2154.336504755,1.8487862656797627,81.26496675630351
2154.338254361,1.8487862656797627,0.0
2154.34150432,1.8487862656797627,0.0
2154.344789722,1.8487862656797627,0.0
2154.346525606,1.2741010257436465,-331.06200640548434
2154.348266916,1.2741010257436465,0.0
2154.350063595,1.2741010257436465,0.0
2154.351812219,1.2741010257436465,0.0
2154.353547233,1.2741010257436465,0.0
2154.355554592,1.0438089277783213,-114.72392231680027
2154.357310383,1.0438089277783213,0.0
2154.359045804,1.0438089277783213,0.0
2154.360784318,1.0438089277783213,0.0
2154.362522702,1.0438089277783213,0.0
2154.364434563,1.0438089277783213,0.0
2154.366168928,0.8196273123343216,-129.25861362596427
2154.36790822,0.8196273123343216,0.0
2154.370623395,0.8196273123343216,0.0
2154.373908001,0.8196273123343216,0.0
2154.375837158,0.345629646725509,-245.7019649335647
2154.377585579,0.345629646725509,0.0
2154.380217682,0.345629646725509,0.0
2154.383510973,0.345629646725509,0.0
2154.385659902,0.5661675243094895,102.62687951163149
2154.387402027,0.5661675243094895,0.0
2154.389898263,0.5661675243094895,0.0
2154.393203405,0.5661675243094895,0.0
2154.395603014,0.7956021655614468,95.61334419984232
2154.397348305,0.7956021655614468,0.0
2154.399087393,0.7956021655614468,0.0
2154.400827888,0.7956021655614468,0.0
2154.402565457,0.7956021655614468,0.0
2154.404518262,0.7956021655614468,0.0
2154.406261516,0.7918639697252815,-2.1443781775437762
2154.4080249,0.7918639697252815,0.0
2154.409771691,0.7918639697252815,0.0
2154.411515926,0.7918639697252815,0.0
2154.413261866,0.7918639697252815,0.0
2154.415222985,0.7918639697252815,0.0
2154.416965702,1.1522743540688198,206.8094729833001
2154.418718364,1.1522743540688198,0.0
2154.421488315,1.1522743540688198,0.0
2154.424709904,1.1522743540688198,0.0
2154.426452362,1.2698496934798704,67.47671358828042
2154.428195172,1.2698496934798704,0.0
2154.431436686,1.2698496934798704,0.0
2154.434686701,1.2698496934798704,0.0
2154.436438825,1.645816908576799,214.5779722547892
2154.438187616,1.645816908576799,0.0
2154.441424519,1.645816908576799,0.0
2154.444928342,1.645816908576799,0.0
2154.446711929,2.188440229259617,304.23148448847945
2154.448467646,2.188440229259617,0.0
2154.450217066,2.188440229259617,0.0
2154.451974968,2.188440229259617,0.0
2154.453734926,2.188440229259617,0.0
2154.455651343,3.1705551573990745,512.4745438933841
2154.457396226,3.1705551573990745,0.0
2154.459138314,3.1705551573990745,0.0
2154.460902809,3.1705551573990745,0.0
2154.462641952,3.1705551573990745,0.0
2154.464381799,3.1705551573990745,0.0
2154.466127386,3.416622883763026,140.96560431397634
2154.467878103,3.416622883763026,0.0
2154.470094994,3.416622883763026,0.0
2154.473372156,3.416622883763026,0.0
2154.475610417,3.387901182951927,-12.832149964222308
2154.477357041,3.387901182951927,0.0
2154.479336697,3.387901182951927,0.0
2154.482606248,3.387901182951927,0.0
2154.48538831,3.387901182951927,0.0
2154.487137212,3.0230258831261896,-208.6310724074368
2154.488886874,3.0230258831261896,0.0
2154.492171998,3.0230258831261896,0.0
2154.495323478,3.0230258831261896,0.0
2154.497075065,2.24717043186375,-442.94428497535466
2154.498828004,2.24717043186375,0.0
2154.500571629,2.24717043186375,0.0
2154.502329957,2.24717043186375,0.0
2154.504081859,2.24717043186375,0.0
2154.505999979,2.274792145685875,14.400409683298246
2154.507749993,2.274792145685875,0.0
2154.509492932,2.274792145685875,0.0
2154.511237779,2.274792145685875,0.0
2154.513438633,2.274792145685875,0.0
2154.515430011,2.274792145685875,0.0
2154.517172043,1.9165904577362673,-205.62290930461145
2154.518918316,1.9165904577362673,0.0
2154.521642898,1.9165904577362673,0.0
2154.524963207,1.9165904577362673,0.0
2154.526699572,1.5848397711595086,-191.06045479363718
2154.528443604,1.5848397711595086,0.0
2154.531388107,1.5848397711595086,0.0
2154.534690028,1.5848397711595086,0.0
2154.536455263,1.421053841584823,-92.7842069732285
2154.538212424,1.421053841584823,0.0
2154.541041356,1.421053841584823,0.0
2154.544325388,1.421053841584823,0.0
2154.546475188,1.6287906944639792,96.63078094229172
2154.548227756,1.6287906944639792,0.0
2154.54999438,1.6287906944639792,0.0
2154.551791411,1.6287906944639792,0.0
2154.553543998,1.6287906944639792,0.0
2154.555523469,1.6287906944639792,0.0
2154.55727626,1.0903947068316437,-307.1649658455635
2154.559036755,1.0903947068316437,0.0
2154.560784472,1.0903947068316437,0.0
2154.562534633,1.0903947068316437,0.0
2154.564302794,1.0903947068316437,0.0
2154.566224748,0.9203231146915918,-88.48889835247036
2154.567980983,0.9203231146915918,0.0
2154.570156505,0.9203231146915918,0.0
2154.573477128,0.9203231146915918,0.0
2154.57568302,0.2657392964688182,-296.74336651777844
2154.577432144,0.2657392964688182,0.0
2154.57943317,0.2657392964688182,0.0
2154.582731368,0.2657392964688182,0.0
2154.585555467,0.2657392964688182,0.0
2154.587298887,0.2181549315639845,-27.293689935441492
2154.589059752,0.2181549315639845,0.0
2154.592321711,0.2181549315639845,0.0
2154.595492319,0.2181549315639845,0.0
2154.597237981,0.6032800017555762,220.61835007294758
2154.598996364,0.6032800017555762,0.0
2154.600741193,0.6032800017555762,0.0
2154.602489076,0.6032800017555762,0.0
2154.604232886,0.6032800017555762,0.0
2154.606209672,0.7042733325703381,51.08966311848037
2154.607963611,0.7042733325703381,0.0
2154.609705495,0.7042733325703381,0.0
2154.611448249,0.7042733325703381,0.0
2154.613192818,0.7042733325703381,0.0
2154.615161067,0.7042733325703381,0.0
2154.61690158,0.5030633270766004,-115.60385097509422
2154.618643853,0.5030633270766004,0.0
2154.620689767,0.5030633270766004,0.0
2154.623992243,0.5030633270766004,0.0
2154.62616832,0.3333099629077307,-78.00889590043136
2154.627929481,0.3333099629077307,0.0
2154.630565528,0.3333099629077307,0.0
2154.633887559,0.3333099629077307,0.0
2154.636237428,0.19548254966473627,-58.65323268219526
2154.637988942,0.19548254966473627,0.0
2154.640757264,0.19548254966473627,0.0
2154.644023315,0.19548254966473627,0.0
2154.646401757,0.18520135101782625,-4.322661072615547
2154.648164604,0.18520135101782625,0.0
2154.649915321,0.18520135101782625,0.0
2154.651708407,0.18520135101782625,0.0
2154.653455865,0.18520135101782625,0.0
2154.655422373,0.18520135101782625,0.0
2154.657167942,0.19452272774616555,5.340021923369226
2154.658934862,0.19452272774616555,0.0
2154.660683838,0.19452272774616555,0.0
2154.662429259,0.19452272774616555,0.0
2154.664173643,0.19452272774616555,0.0
2154.666358035,0.1936789816884986,-0.38626128355598427
2154.668114529,0.1936789816884986,0.0
2154.67074567,0.1936789816884986,0.0
2154.674045183,0.1936789816884986,0.0
2154.676385071,0.19486453940333207,0.5066728471288605
2154.678136288,0.19486453940333207,0.0
2154.68094209,0.19486453940333207,0.0
2154.684223678,0.19486453940333207,0.0
2154.686362774,0.19336196381997994,-0.7024348525296886
2154.688109565,0.19336196381997994,0.0
2154.691191547,0.19336196381997994,0.0
2154.694508781,0.19336196381997994,0.0
2154.696724043,0.19675238639916617,1.53048378895323
2154.698484,0.19675238639916617,0.0
2154.70070591,0.19675238639916617,0.0
2154.702482848,0.19675238639916617,0.0
2154.704231121,0.19675238639916617,0.0
2154.706198721,0.19675238639916617,0.0
2154.707942716,0.19903543938754434,1.3090937692596858
2154.709710655,0.19903543938754434,0.0
2154.711465631,0.19903543938754434,0.0
2154.713213089,0.19903543938754434,0.0
2154.715179727,0.19903543938754434,0.0
2154.716927185,0.19887342009670061,-0.09271713016733796
2154.718676865,0.19887342009670061,0.0
2154.7204331,0.19887342009670061,0.0
2154.723423546,0.19887342009670061,0.0
2154.725941967,0.19170122338087234,-2.8478942623884667
2154.727695166,0.19170122338087234,0.0
2154.72944029,0.19170122338087234,0.0
2154.732532308,0.19170122338087234,0.0
2154.735524847,0.19170122338087234,0.0
2154.737271268,0.1882640265230151,-1.9681376127767891
2154.739017522,0.1882640265230151,0.0
2154.741815233,0.1882640265230151,0.0
2154.745146652,0.1882640265230151,0.0
2154.746956924,0.17973058674824802,-4.713899223154499
2154.748707307,0.17973058674824802,0.0
2154.750484616,0.17973058674824802,0.0
2154.752234445,0.17973058674824802,0.0
2154.755048858,0.17973058674824802,0.0
2154.756786168,0.1776297636752838,-1.2092390379499824
2154.758532533,0.1776297636752838,0.0
2154.760282936,0.1776297636752838,0.0
2154.763587856,0.1776297636752838,0.0
2154.766082833,0.17224754524408378,-2.157221662270272
2154.767832031,0.17224754524408378,0.0
2154.769585915,0.17224754524408378,0.0
2154.772398107,0.17224754524408378,0.0
2154.775497995,0.17224754524408378,0.0
2154.777253878,0.16372082817189726,-4.856084985303273
2154.779003688,0.16372082817189726,0.0
2154.781414111,0.16372082817189726,0.0
2154.784706254,0.16372082817189726,0.0
2154.786704817,0.15681431806823484,-3.455737999336829
2154.788454182,0.15681431806823484,0.0
2154.790198714,0.15681431806823484,0.0
2154.79348795,0.15681431806823484,0.0
2154.796217014,0.15008199668270736,-2.466897582982231
2154.797978082,0.15008199668270736,0.0
2154.799723837,0.15008199668270736,0.0
2154.801463887,0.15008199668270736,0.0
2154.803207993,0.15008199668270736,0.0
2154.804958562,0.15008199668270736,0.0
2154.806733353,0.14596908975143755,-2.317403532052097
2154.808482218,0.14596908975143755,0.0
2154.810230398,0.14596908975143755,0.0
2154.811970634,0.14596908975143755,0.0
2154.813716499,0.14596908975143755,0.0
2154.815670563,0.14596908975143755,0.0
2154.817428706,0.13461026462113523,-6.46069468131197
2154.819181238,0.13461026462113523,0.0
2154.820950603,0.13461026462113523,0.0
2154.822695394,0.13461026462113523,0.0
2154.825556344,0.13461026462113523,0.0
2154.827303487,0.13386664140395915,-0.42562241163574527
2154.829057037,0.13386664140395915,0.0
2154.831158208,0.13386664140395915,0.0
2154.83444137,0.13386664140395915,0.0
2154.83677074,0.12330135854322298,-4.535682550370117
2154.838522105,0.12330135854322298,0.0
2154.840265656,0.12330135854322298,0.0
2154.843676647,0.12330135854322298,0.0
2154.846355324,0.12291705046107795,-0.14346936273106134
2154.848108244,0.12291705046107795,0.0
2154.849870406,0.12291705046107795,0.0
2154.851659936,0.12291705046107795,0.0
2154.853408635,0.12291705046107795,0.0
2154.855172648,0.12291705046107795,0.0
2154.856926884,0.12233619986188407,-0.3311131450686817
2154.858679341,0.12233619986188407,0.0
2154.860439354,0.12233619986188407,0.0
2154.862191034,0.12233619986188407,0.0
2154.863936992,0.12233619986188407,0.0
2154.865967017,0.12233619986188407,0.0
2154.867930507,0.11774962929845179,-2.335927640822621
2154.869896552,0.11774962929845179,0.0
2154.871883282,0.11774962929845179,0.0
2154.874938616,0.11774962929845179,0.0
2154.876991566,0.11388910839864011,-1.8804748773090856
2154.879378287,0.11388910839864011,0.0
2154.882464286,0.11388910839864011,0.0
2154.885757318,0.11388910839864011,0.0
2154.887701753,0.11064743199722919,-1.667155961162044
2154.88966115,0.11064743199722919,0.0
2154.893194731,0.11064743199722919,0.0
2154.89639471,0.11064743199722919,0.0
2154.898341718,0.10430056979794705,-3.2598028353788484
2154.900285635,0.10430056979794705,0.0
2154.902229365,0.10430056979794705,0.0
2154.904165004,0.10430056979794705,0.0
2154.906370488,0.10136820307075145,-1.3295796872900205
2154.908308219,0.10136820307075145,0.0
2154.910242413,0.10136820307075145,0.0
2154.912177237,0.10136820307075145,0.0
2154.914109561,0.10136820307075145,0.0
2154.916285971,0.10010372826375447,-0.5809910848119202
2154.918224628,0.10010372826375447,0.0
2154.920180136,0.10010372826375447,0.0
2154.922135774,0.10010372826375447,0.0
2154.925158035,0.10010372826375447,0.0
2154.927098766,0.09901754194749912,-0.559678964368056
2154.929048478,0.09901754194749912,0.0
2154.931857522,0.09901754194749912,0.0
2154.935332623,0.09901754194749912,0.0
2154.937280317,0.09688377321023459,-1.0955359194589231
2154.939244066,0.09688377321023459,0.0
2154.941872299,0.09688377321023459,0.0
2154.945364881,0.09688377321023459,0.0
2154.94738461,0.1006217597102996,1.8507366582306906
2154.94931773,0.1006217597102996,0.0
2154.951378421,0.1006217597102996,0.0
2154.953328078,0.1006217597102996,0.0
2154.955208292,0.1006217597102996,0.0
2154.957087765,0.09228290854644806,-4.436802850702785
2154.958988367,0.09228290854644806,0.0
2154.960861563,0.09228290854644806,0.0
2154.962759739,0.09228290854644806,0.0
2154.964648453,0.09228290854644806,0.0
2154.966731051,0.08648972971082221,-2.7817076726199454
2154.968611265,0.08648972971082221,0.0
2154.970494942,0.08648972971082221,0.0
2154.972360823,0.08648972971082221,0.0
2154.975578653,0.08648972971082221,0.0
2154.977308796,0.08679576155577447,0.17688239926205565
2154.979192954,0.08679576155577447,0.0
2154.981649229,0.08679576155577447,0.0
2154.985078127,0.08679576155577447,0.0
2154.987194225,0.07954440075379417,-3.4267603872894794
2154.989074568,0.07954440075379417,0.0
2154.991249275,0.07954440075379417,0.0
2154.994665081,0.07954440075379417,0.0
2154.997130763,0.07973372250559593,0.0767827123812229
2154.999040069,0.07973372250559593,0.0
2155.000921838,0.07973372250559593,0.0
2155.002792774,0.07973372250559593,0.0
2155.00468071,0.07973372250559593,0.0
2155.00657248,0.07973372250559593,0.0
2155.008452119,0.07761909389409033,-1.1250184804248844
2155.010343703,0.07761909389409033,0.0
2155.012230936,0.07761909389409033,0.0
2155.014101705,0.07761909389409033,0.0
2155.016171526,0.07761909389409033,0.0
2155.018037611,0.08132836115640568,1.9877268517606603
2155.019957935,0.08132836115640568,0.0
2155.02187037,0.08132836115640568,0.0
2155.023875266,0.08132836115640568,0.0
2155.026593182,0.08132836115640568,0.0
2155.028467063,0.07355398995240152,-4.148807317146983
2155.030928133,0.07355398995240152,0.0
2155.034341958,0.07355398995240152,0.0
2155.036685994,0.09734418385430497,10.149244252740221
2155.03856593,0.09734418385430497,0.0
2155.041073444,0.09734418385430497,0.0
2155.044493547,0.09734418385430497,0.0
2155.047098132,0.11381604400722338,6.324178382773624
2155.048970772,0.11381604400722338,0.0
2155.050848023,0.11381604400722338,0.0
2155.052724997,0.11381604400722338,0.0
2155.054777836,0.11381604400722338,0.0
2155.056962561,0.11381604400722338,0.0
2155.05890831,0.11443560437953569,0.31841741785807903
2155.060856504,0.11443560437953569,0.0
2155.062804587,0.11443560437953569,0.0
2155.064762873,0.11443560437953569,0.0
2155.066728103,0.11443560437953569,0.0
2155.0691561,0.14948497078519654,14.43550647235376
2155.072135029,0.14948497078519654,0.0
2155.075627907,0.14948497078519654,0.0
2155.077577027,0.212162243852019,32.15670305819928
2155.079526424,0.1045942556164711,-55.18013428930007
2155.082927083,0.212162243852019,31.631512668120077
2155.086233726,0.212162243852019,0.0
2155.088169735,0.08440269362624496,-65.99119643788475
2155.090111206,0.08440269362624496,0.0
2155.093566086,0.08440269362624496,0.0
2155.09674238,0.08440269362624496,0.0
2155.098684,0.047017653733885535,-19.254560566691097
2155.100624527,0.047017653733885535,0.0
2155.102558684,0.047017653733885535,0.0
2155.104490175,0.047017653733885535,0.0
2155.106687455,0.047017653733885535,0.0
2155.108621927,0.07634944244026605,15.162684550542673
2155.110563176,0.07634944244026605,0.0
2155.112781086,0.07634944244026605,0.0
2155.114745705,0.07634944244026605,0.0
2155.116813748,0.07634944244026605,0.0
2155.11876033,0.449295802973929,191.59036738222645
2155.12072632,0.449295802973929,0.0
2155.12421331,0.449295802973929,0.0
2155.126855839,0.20662027226750215,-91.83457615198058
2155.128799588,0.20662027226750215,0.0
2155.131486357,0.20662027226750215,0.0
2155.134952959,0.20662027226750215,0.0
2155.137295569,0.0808281898768597,-53.69740691257141
2155.139236818,0.0808281898768597,0.0
2155.14226843,0.0808281898768597,0.0
2155.14573418,0.0808281898768597,0.0
2155.14778239,0.07039735503435209,-5.0926588792634675
2155.149751528,0.07039735503435209,0.0
2155.151737832,0.07039735503435209,0.0
2155.153506845,0.07039735503435209,0.0
2155.155396429,0.07039735503435209,0.0
2155.157460027,0.07805326458016026,3.7099810844916337
2155.159344093,0.07805326458016026,0.0
2155.161220696,0.07805326458016026,0.0
2155.163094317,0.07805326458016026,0.0
2155.164979346,0.07805326458016026,0.0
2155.166909114,0.07653308129143105,-0.7877544288560905
2155.168789884,0.07653308129143105,0.0
2155.170913073,0.07653308129143105,0.0
2155.174323306,0.07653308129143105,0.0
2155.176925984,0.07567228731308946,-0.3307339511260739
2155.178803457,0.07567228731308946,0.0
2155.181315415,0.07567228731308946,0.0
2155.184715759,0.07567228731308946,0.0
2155.187062869,0.06786286074607324,-3.3272520536015033
2155.188943527,0.06786286074607324,0.0
2155.191446374,0.06786286074607324,0.0
2155.194856737,0.06786286074607324,0.0
2155.197510247,0.07295070006695178,1.9173997161265073
2155.199384665,0.07295070006695178,0.0
2155.201256397,0.07295070006695178,0.0
2155.203132519,0.07295070006695178,0.0
2155.205002122,0.07295070006695178,0.0
2155.206991777,0.07295070006695178,0.0
2155.20885514,0.07033824725312057,-1.4020095995975217
2155.21073041,0.07033824725312057,0.0
2155.212608661,0.07033824725312057,0.0
2155.214480375,0.07033824725312057,0.0
2155.216604064,0.07033824725312057,0.0
2155.218483649,0.07268652734687288,1.249360945970054
2155.220363751,0.07268652734687288,0.0
2155.222240225,0.07268652734687288,0.0
2155.22517321,0.07268652734687288,0.0
2155.227429896,0.07011614929652812,-1.139005625981949
2155.229309332,0.07011614929652812,0.0
2155.231190564,0.07011614929652812,0.0
2155.234607501,0.07011614929652812,0.0
2155.237193123,0.061428909720843305,-3.359825827513454
2155.239064949,0.061428909720843305,0.0
2155.240939292,0.061428909720843305,0.0
2155.244367154,0.061428909720843305,0.0
2155.247202086,0.06829815278710195,2.4230715467453443
2155.249075596,0.06829815278710195,0.0
2155.250942051,0.06829815278710195,0.0
2155.252933633,0.06829815278710195,0.0
2155.25482892,0.06829815278710195,0.0
2155.25701646,0.06829815278710195,0.0
2155.258953765,0.06255275360405042,-2.965665800265097
2155.260905181,0.06255275360405042,0.0
2155.26283832,0.06255275360405042,0.0
2155.265222392,0.06255275360405042,0.0
2155.267410599,0.06255275360405042,0.0
2155.269370088,0.07751855532519655,7.637604355594923
2155.271322893,0.07751855532519655,0.0
2155.273259661,0.07751855532519655,0.0
2155.276679042,0.07751855532519655,0.0
2155.278621291,0.062477904839299894,-7.743935245250419
2155.280565596,0.062477904839299894,0.0
2155.283563265,0.062477904839299894,0.0
2155.286720874,0.062477904839299894,0.0
2155.288662901,0.07180134578424333,4.800881215733196
2155.290619835,0.07180134578424333,0.0
2155.293901645,0.07180134578424333,0.0
2155.297114549,0.07180134578424333,0.0
2155.299053039,0.06629723973557045,-2.839378098168477
2155.301038825,0.06629723973557045,0.0
2155.302974667,0.06629723973557045,0.0
2155.304909306,0.06629723973557045,0.0
2155.307024607,0.06629723973557045,0.0
2155.308951116,0.06679724956978135,0.2595419145275065
2155.310893032,0.06679724956978135,0.0
2155.312863318,0.06679724956978135,0.0
2155.314799141,0.06679724956978135,0.0
2155.316931905,0.06679724956978135,0.0
2155.318880154,0.06454086707382135,-1.1581591961563695
2155.320827311,0.06454086707382135,0.0
2155.322760079,0.06454086707382135,0.0
2155.325301703,0.06454086707382135,0.0
2155.327828124,0.05725867691972647,-2.8824135623111493
2155.329776391,0.05725867691972647,0.0
2155.332059836,0.05725867691972647,0.0
2155.335533549,0.05725867691972647,0.0
2155.337858567,0.05316233518958817,-1.7618537708527813
2155.339795724,0.05316233518958817,0.0
2155.341876303,0.05316233518958817,0.0
2155.345337461,0.05316233518958817,0.0
2155.347891862,0.05940667453654831,2.4445415371220167
2155.349836074,0.05940667453654831,0.0
2155.351794805,0.05940667453654831,0.0
2155.353598502,0.05940667453654831,0.0
2155.355376478,0.05940667453654831,0.0
2155.357328523,0.05875547816561496,-0.3335970077102507
2155.359062445,0.05875547816561496,0.0
2155.360779755,0.05875547816561496,0.0
2155.36250038,0.05875547816561496,0.0
2155.364210876,0.05875547816561496,0.0
2155.365922076,0.05875547816561496,0.0
2155.36781166,0.06892708342511,5.3829865516832545
2155.369555377,0.06892708342511,0.0
2155.371267965,0.06892708342511,0.0
2155.372971998,0.06892708342511,0.0
2155.375660137,0.06892708342511,0.0
2155.377748439,0.05624176326419396,-6.074466318864306
2155.379451268,0.05624176326419396,0.0
2155.381180523,0.05624176326419396,0.0
2155.384383649,0.05624176326419396,0.0
2155.387090213,0.05624176326419396,0.0
2155.388795302,0.06255275360405042,3.7012674066745213
2155.390530575,0.06255275360405042,0.0
2155.393112198,0.06255275360405042,0.0
2155.396326157,0.06255275360405042,0.0
2155.398336553,0.06894216758842116,3.178186777941395
2155.400070641,0.06894216758842116,0.0
2155.401786267,0.06894216758842116,0.0
2155.403492744,0.06894216758842116,0.0
2155.405191166,0.06894216758842116,0.0
2155.407126804,0.06894216758842116,0.0
2155.408830874,0.08803878034238456,11.2064720078485
2155.410537481,0.08803878034238456,0.0
2155.412234329,0.08803878034238456,0.0
2155.413935937,0.08803878034238456,0.0
2155.415636636,0.08803878034238456,0.0
2155.417463129,0.08803878034238456,0.0
2155.41917081,0.12499741030886925,21.64258428073948
2155.420885547,0.12499741030886925,0.0
2155.423417615,0.12499741030886925,0.0
2155.426704444,0.12499741030886925,0.0
2155.428402162,0.0896944604160354,-20.794354472809488
2155.430116843,0.0896944604160354,0.0
2155.43305505,0.0896944604160354,0.0
2155.436284027,0.0896944604160354,0.0
2155.438172167,0.10376082197096963,7.449850940103203
2155.439877941,0.10376082197096963,0.0
2155.442626837,0.10376082197096963,0.0
2155.445859297,0.10376082197096963,0.0
2155.448130408,0.05999017416602607,-19.272791072042423
2155.450257154,0.05999017416602607,0.0
2155.451989519,0.05999017416602607,0.0
2155.45381116,0.05999017416602607,0.0
2155.455537656,0.05999017416602607,0.0
2155.457447628,0.05812382397,-0.9771610244691729
2155.459206716,0.05812382397,0.0
2155.460967803,0.05812382397,0.0
2155.462763611,0.05812382397,0.0
2155.464504384,0.05812382397,0.0
2155.466248157,0.05812382397,0.0
2155.468157129,0.04972619724221454,-4.399030854397433
2155.469909161,0.04972619724221454,0.0
2155.471969241,0.04972619724221454,0.0
2155.47523207,0.04972619724221454,0.0
2155.477616438,0.15045220700011155,42.24432208196883
2155.479366896,0.15045220700011155,0.0
2155.48143668,0.15045220700011155,0.0
2155.484727711,0.15045220700011155,0.0
2155.48750957,0.15045220700011155,0.0
2155.489253899,0.13222538636064843,-10.449187418800634
2155.491037393,0.13222538636064843,0.0
2155.494327776,0.13222538636064843,0.0
2155.497482996,0.13222538636064843,0.0
2155.499232695,0.03829030974020499,-53.68642070762956
2155.501011874,0.03829030974020499,0.0
2155.502756443,0.03829030974020499,0.0
2155.504507772,0.03829030974020499,0.0
2155.506250267,0.03829030974020499,0.0
2155.508241089,0.08488180453420414,23.403144424980766
2155.509991084,0.08488180453420414,0.0
2155.511785596,0.08488180453420414,0.0
2155.513536665,0.08488180453420414,0.0
2155.515288123,0.08488180453420414,0.0
2155.517269816,0.08488180453420414,0.0
2155.51901494,0.10581981833711496,11.998009197019377
2155.520767009,0.10581981833711496,0.0
2155.52321245,0.10581981833711496,0.0
2155.526508371,0.10581981833711496,0.0
2155.528391251,0.05530961779086853,-26.82603275370379
2155.530156838,0.05530961779086853,0.0
2155.533052732,0.05530961779086853,0.0
2155.536310338,0.05530961779086853,0.0
2155.538432991,0.04788325002968746,-3.4986254286142895
2155.540205689,0.04788325002968746,0.0
2155.543095786,0.04788325002968746,0.0
2155.546381318,0.04788325002968746,0.0
2155.548544154,0.06930320257346635,9.903641581484441
2155.55030839,0.06930320257346635,0.0
2155.552052996,0.06930320257346635,0.0
2155.553824212,0.06930320257346635,0.0
2155.555579503,0.06930320257346635,0.0
2155.557554956,0.06930320257346635,0.0
2155.559301377,0.07337706664343134,2.332693016144686
2155.561094981,0.07337706664343134,0.0
2155.562847124,0.07337706664343134,0.0
2155.564590638,0.07337706664343134,0.0
2155.566337522,0.07337706664343134,0.0
2155.568266197,0.10996872265391905,18.972432376607724
2155.570052265,0.10996872265391905,0.0
2155.571802742,0.10996872265391905,0.0
2155.573546552,0.10996872265391905,0.0
2155.57682751,0.10996872265391905,0.0
2155.578578634,0.12793679965285049,10.260882151077205
2155.580334462,0.12793679965285049,0.0
2155.583154635,0.12793679965285049,0.0
2155.586422982,0.12793679965285049,0.0
2155.588435545,0.07210482469768456,-27.74172781596904
2155.590187984,0.07210482469768456,0.0
2155.592973176,0.07210482469768456,0.0
2155.596277355,0.07210482469768456,0.0
2155.598636743,0.09807846577518432,11.008634898901994
2155.600392016,0.09807846577518432,0.0
2155.602134899,0.09807846577518432,0.0
2155.603876894,0.09807846577518432,0.0
2155.605623075,0.09807846577518432,0.0
2155.607554972,0.09807846577518432,0.0
2155.609301893,0.11922397034978145,12.10444237172846
2155.611088091,0.11922397034978145,0.0
2155.612833049,0.11922397034978145,0.0
2155.614572803,0.11922397034978145,0.0
2155.61631778,0.11922397034978145,0.0
2155.618277973,0.14190551916789346,11.571079385957539
2155.62005656,0.14190551916789346,0.0
2155.621818962,0.14190551916789346,0.0
2155.624923776,0.14190551916789346,0.0
2155.62775393,0.14190551916789346,0.0
2155.629977524,0.08508369314326777,-25.554047197254583
2155.63284203,0.08508369314326777,0.0
2155.636109932,0.08508369314326777,0.0
2155.638447283,0.08862149365655816,1.5135940274084896
2155.640199297,0.08862149365655816,0.0
2155.643030284,0.08862149365655816,0.0
2155.646319056,0.08862149365655816,0.0
2155.64865013,0.08423621264245253,-1.8812277146084366
2155.650407421,0.08423621264245253,0.0
2155.65214686,0.08423621264245253,0.0
2155.653888133,0.08423621264245253,0.0
2155.657221905,0.08423621264245253,0.0
2155.658965492,0.08560758995384879,0.7865264603511113
2155.660714876,0.08560758995384879,0.0
2155.663922873,0.08560758995384879,0.0
2155.667237682,0.08560758995384879,0.0
2155.668987362,0.06798532935144108,-10.071704886581383
2155.670748764,0.06798532935144108,0.0
2155.674002593,0.06798532935144108,0.0
2155.677394437,0.06798532935144108,0.0
2155.679131432,0.10919060991545443,23.722164181475016
2155.680878816,0.10919060991545443,0.0
2155.684067517,0.10919060991545443,0.0
2155.687367085,0.10919060991545443,0.0
2155.689113914,0.11077422705035118,0.9065667761936674
2155.690868131,0.11077422705035118,0.0
2155.693208408,0.11077422705035118,0.0
2155.696513643,0.11077422705035118,0.0
2155.698771847,0.056839460850244924,-23.883921115064346
2155.700526213,0.056839460850244924,0.0
2155.702268541,0.056839460850244924,0.0
2155.704007351,0.056839460850244924,0.0
2155.705752438,0.056839460850244924,0.0
2155.707683503,0.056839460850244924,0.0
2155.709424331,0.12033083353382226,36.471939042094306
2155.711185178,0.12033083353382226,0.0
2155.712931673,0.12033083353382226,0.0
2155.714673705,0.12033083353382226,0.0
2155.7164147,0.12033083353382226,0.0
2155.718378949,0.21273733966166758,47.04419150592173
2155.720131462,0.21273733966166758,0.0
2155.721870976,0.21273733966166758,0.0
2155.724158476,0.21273733966166758,0.0
2155.727486452,0.21273733966166758,0.0
2155.729229076,0.17799817529430803,-19.934974133540145
2155.731018922,0.17799817529430803,0.0
2155.734351657,0.17799817529430803,0.0
2155.737554598,0.17799817529430803,0.0
2155.739302463,0.13631054291708708,-23.85060194723691
2155.741095383,0.13631054291708708,0.0
2155.744394489,0.13631054291708708,0.0
2155.747814129,0.13631054291708708,0.0
2155.749564753,0.14848692751234077,6.955453937791136
2155.751321063,0.14848692751234077,0.0
2155.753062354,0.14848692751234077,0.0
2155.754826441,0.14848692751234077,0.0
2155.756568733,0.14848692751234077,0.0
2155.75856224,0.1314366332817278,-8.55291415130425
2155.760309328,0.1314366332817278,0.0
2155.762050138,33.33979746801238,19076.384459172048
2155.763795688,0.1314366332817278,-19024.582991627693
2155.765542776,0.1314366332817278,0.0
2155.767535524,0.1314366332817278,0.0
2155.769289334,0.10463401395891866,-15.282510261405617
2155.771075958,0.10463401395891866,0.0
2155.773690395,0.10463401395891866,0.0
2155.776943483,0.10463401395891866,0.0
2155.778923972,0.10447986610605008,-0.07783322850139783
2155.780675801,0.10447986610605008,0.0
2155.783473566,0.10447986610605008,0.0
2155.786760969,0.10447986610605008,0.0
2155.788786642,0.10440021687312322,-0.03931988673859524
2155.790537619,0.10440021687312322,0.0
2155.793147352,0.10440021687312322,0.0
2155.796397663,0.10440021687312322,0.0
2155.798919824,0.14623597966654273,16.587268928404747
2155.800674097,0.14623597966654273,0.0
2155.802420555,0.14623597966654273,0.0
2155.804163383,0.14623597966654273,0.0
2155.805910711,0.14623597966654273,0.0
2155.807886219,0.14623597966654273,0.0
2155.809628733,0.1303642468555795,-9.108525275252145
2155.81139032,0.1303642468555795,0.0
2155.813140241,0.1303642468555795,0.0
2155.814881255,0.1303642468555795,0.0
2155.816622657,0.1303642468555795,0.0
2155.819021099,0.11700549237921029,-5.569763403327614
2155.820787816,0.11700549237921029,0.0
2155.822531589,0.11700549237921029,0.0
2155.825507239,0.11700549237921029,0.0
2155.828162213,0.11700549237921029,0.0
2155.829910726,0.17337874608674764,32.240683198915804
2155.832321168,0.17337874608674764,0.0
2155.835610422,0.17337874608674764,0.0
2155.83819186,0.17337874608674764,0.0
2155.839935855,0.18704219458715038,7.8345686190946475
2155.84171596,0.18704219458715038,0.0
2155.84499227,0.18704219458715038,0.0
2155.848143306,0.18704219458715038,0.0
2155.849883467,0.16297604556633682,-13.829840470714071
2155.851669443,0.16297604556633682,0.0
2155.85341079,0.16297604556633682,0.0
2155.855145767,0.16297604556633682,0.0
2155.856895539,0.16297604556633682,0.0
2155.858896176,0.13943290867535782,-11.767820394473885
2155.860658597,0.13943290867535782,0.0
2155.862410499,0.13943290867535782,0.0
2155.864160772,0.13943290867535782,0.0
2155.865915063,0.13943290867535782,0.0
2155.867921089,0.13943290867535782,0.0
2155.869665343,0.17702285153478706,21.55072762075205
2155.871417819,0.17702285153478706,0.0
2155.873660839,0.17702285153478706,0.0
2155.87694426,0.17702285153478706,0.0
2155.8789666,0.14507949440488815,-15.795245673054913
2155.88073615,0.14507949440488815,0.0
2155.88351838,0.14507949440488815,0.0
2155.886777523,0.14507949440488815,0.0
2155.888920213,0.09942102313793033,-21.308948691228807
2155.890672985,0.09942102313793033,0.0
2155.89348364,0.09942102313793033,0.0
2155.896755042,0.09942102313793033,0.0
2155.899075153,0.11619396627103726,7.229370980365073
2155.900834555,0.11619396627103726,0.0
2155.902577976,0.11619396627103726,0.0
2155.904317768,0.11619396627103726,0.0
2155.90606204,0.11619396627103726,0.0
2155.908017271,0.11619396627103726,0.0
2155.909762896,0.07777300060667042,-22.009862180652007
2155.911517039,0.07777300060667042,0.0
2155.913263904,0.07777300060667042,0.0
2155.915006677,0.07777300060667042,0.0
2155.916746468,0.07777300060667042,0.0
2155.918528833,0.056793707433146524,-11.770480890778245
2155.920285346,0.056793707433146524,0.0
2155.922028582,0.056793707433146524,0.0
2155.924916235,0.056793707433146524,0.0
2155.928003234,0.056793707433146524,0.0
2155.929749896,0.13400638507973386,44.20584957955493
2155.931526149,0.13400638507973386,0.0
2155.934853014,0.13400638507973386,0.0
2155.938051974,0.13400638507973386,0.0
2155.939789062,0.06894216758842116,-37.455913281478
2155.941541316,0.06894216758842116,0.0
2155.944565058,0.06894216758842116,0.0
2155.948088417,0.06894216758842116,0.0
2155.949838727,0.09082918581416595,12.504652445838929
2155.951615647,0.09082918581416595,0.0
2155.95335905,0.09082918581416595,0.0
2155.955098619,0.09082918581416595,0.0
2155.957092793,0.09082918581416595,0.0
2155.959087856,0.0203943242,-35.30458015751315
2155.960849573,0.0203943242,0.0
2155.962606105,0.0203943242,0.0
2155.964352785,0.0203943242,0.0
2155.966100947,0.0203943242,0.0
2155.968040178,0.0203943242,0.0
2155.969788673,0.20973705849412927,108.28897669412004
2155.971548426,0.20973705849412927,0.0
2155.974442431,0.20973705849412927,0.0
2155.977728759,0.20973705849412927,0.0
2155.979470106,0.4601542133040184,143.80657893513157
2155.981231378,0.4601542133040184,0.0
2155.984061736,0.4601542133040184,0.0
2155.987344972,0.4601542133040184,0.0
2155.989276333,0.8814129870572404,218.1149840656135
2155.991056975,0.8814129870572404,0.0
2155.993661079,0.8814129870572404,0.0
2155.996954074,0.8814129870572404,0.0
2155.999300092,1.0730942244786048,81.70493040516679
2156.001081123,1.0730942244786048,0.0
2156.002825044,1.0730942244786048,0.0
2156.005027324,1.0730942244786048,0.0
2156.006791504,1.0730942244786048,0.0
2156.008721457,1.0730942244786048,0.0
2156.010466323,0.8036696502058984,-154.4098940894071
2156.012222854,0.8036696502058984,0.0
2156.013965405,0.8036696502058984,0.0
2156.01571677,0.8036696502058984,0.0
2156.017461451,0.8036696502058984,0.0
2156.019333146,0.8262797636531394,12.080020221719437
2156.021112511,0.8262797636531394,0.0
2156.022852506,0.8262797636531394,0.0
2156.026117538,0.8262797636531394,0.0
2156.028698087,0.8262797636531394,0.0
2156.030440638,0.5852975626139345,-138.29276792374299
2156.032195522,0.5852975626139345,0.0
2156.035455554,0.5852975626139345,0.0
2156.038398113,0.5852975626139345,0.0
2156.040143997,0.5168673808686155,-39.19514798024291
2156.041888048,0.5168673808686155,0.0
2156.04516995,0.5168673808686155,0.0
2156.048453797,0.5168673808686155,0.0
2156.050204107,0.48372611377228747,-18.934512800583533
2156.051954861,0.48372611377228747,0.0
2156.05369743,0.48372611377228747,0.0
2156.055435758,0.48372611377228747,0.0
2156.057181161,0.48372611377228747,0.0
2156.059110411,0.5062005199996252,11.649296994240725
2156.060860979,0.5062005199996252,0.0
2156.062609252,0.5062005199996252,0.0
2156.06436184,0.5062005199996252,0.0
2156.066103038,0.5062005199996252,0.0
2156.068080269,0.5062005199996252,0.0
2156.069818597,0.6205842391316452,65.80099907805261
2156.071606943,0.6205842391316452,0.0
2156.074521632,0.6205842391316452,0.0
2156.07780496,0.6205842391316452,0.0
2156.07963449,0.5088240839527135,-61.086812007145404
2156.081389281,0.5088240839527135,0.0
2156.084097901,0.5088240839527135,0.0
2156.087353193,0.5088240839527135,0.0
2156.089381774,0.6109674581941441,50.35213001555423
2156.091145843,0.6109674581941441,0.0
2156.093758891,0.6109674581941441,0.0
2156.097009387,0.6109674581941441,0.0
2156.0995484,0.5524726061945976,-23.03842162332606
2156.101315116,0.5524726061945976,0.0
2156.103071259,0.5524726061945976,0.0
2156.104815069,0.5524726061945976,0.0
2156.106566064,0.5524726061945976,0.0
2156.108526776,0.5524726061945976,0.0
2156.110269401,0.7439240352868464,109.86381411811242
2156.11202034,0.7439240352868464,0.0
2156.113774816,0.7439240352868464,0.0
2156.115525645,0.7439240352868464,0.0
2156.11727788,0.7439240352868464,0.0
2156.119232537,0.633199429370463,-56.64656557777032
2156.121030494,0.633199429370463,0.0
2156.122784007,0.633199429370463,0.0
2156.125930339,0.633199429370463,0.0
2156.128764437,0.633199429370463,0.0
2156.130518635,0.6225164935265947,-6.089925905418341
2156.132289963,0.6225164935265947,0.0
2156.135576088,0.6225164935265947,0.0
2156.138534535,0.6225164935265947,0.0
2156.140286456,0.7781583949897245,88.84070769097603
2156.142037951,0.7781583949897245,0.0
2156.145336593,0.7781583949897245,0.0
2156.148727753,0.7781583949897245,0.0
2156.150494247,1.024876682403803,139.66551112029595
2156.152258001,1.024876682403803,0.0
2156.154010273,1.024876682403803,0.0
2156.155780249,1.024876682403803,0.0
2156.157532466,1.024876682403803,0.0
2156.159544066,1.254374044337519,114.08697649974589
2156.161309764,1.254374044337519,0.0
2156.163052852,1.254374044337519,0.0
2156.164809143,1.254374044337519,0.0
2156.166550546,1.254374044337519,0.0
2156.168487092,1.254374044337519,0.0
2156.170250197,1.482071830848526,129.1459025468323
2156.172013025,1.482071830848526,0.0
2156.174731182,1.482071830848526,0.0
2156.178026084,1.482071830848526,0.0
2156.179858503,1.7075911412482856,123.07191226189074
2156.181651608,1.7075911412482856,0.0
2156.184571926,1.7075911412482856,0.0
2156.18837565,1.7075911412482856,0.0
2156.190145403,1.8020953293638973,53.39964849883961
2156.191898491,1.8020953293638973,0.0
2156.195019823,1.8020953293638973,0.0
2156.198300725,1.8020953293638973,0.0
2156.200110219,2.182017805827323,209.96061685896356
2156.20185801,2.182017805827323,0.0
2156.203600524,2.182017805827323,0.0
2156.205346315,2.182017805827323,0.0
2156.207084681,2.182017805827323,0.0
2156.209077022,33.40066712112644,15669.330358219762
2156.210842849,1.9050692365253121,-17836.174147798934
2156.212591826,1.9050692365253121,0.0
2156.214333525,1.9050692365253121,0.0
2156.216080186,1.9050692365253121,0.0
2156.217817311,1.9050692365253121,0.0
2156.219770375,1.6015635655476292,-155.399757006821
2156.221521148,1.6015635655476292,0.0
2156.223271402,1.6015635655476292,0.0
2156.226472029,1.6015635655476292,0.0
2156.22905304,1.6015635655476292,0.0
2156.230810924,1.3873496680704795,-121.85894945760683
2156.232564271,1.3873496680704795,0.0
2156.235838285,1.3873496680704795,0.0
2156.238807232,1.3873496680704795,0.0
2156.240565004,1.2987570183195152,-50.40053530833646
2156.242313592,32.91552688761405,18081.3146792796
2156.245640456,1.2987570183195152,-9503.475305737904
2156.248922321,1.2987570183195152,0.0
2156.250674779,1.2405089733435972,-33.237912110666045
2156.252421496,1.2405089733435972,0.0
2156.254172102,1.2405089733435972,0.0
2156.255944652,1.2405089733435972,0.0
2156.257695147,1.2405089733435972,0.0
2156.259654118,0.6857923196304391,-283.16736373686575
2156.26140865,0.6857923196304391,0.0
2156.263148664,0.6857923196304391,0.0
2156.264884011,0.6857923196304391,0.0
2156.266624784,0.6857923196304391,0.0
2156.268714734,0.6857923196304391,0.0
2156.270501042,1.9938453452831948,732.2662304106711
2156.272280592,1.9938453452831948,0.0
2156.275104061,1.9938453452831948,0.0
2156.278401963,1.9938453452831948,0.0
2156.28017418,0.39602422157360934,-901.5945133481234
2156.281945582,0.39602422157360934,0.0
2156.28478705,0.39602422157360934,0.0
2156.288078249,0.39602422157360934,0.0
2156.29014581,0.17806826251659133,-105.41694250862436
2156.291915656,0.17806826251659133,0.0
2156.29471633,0.17806826251659133,0.0
2156.297995343,0.17806826251659133,0.0
2156.300203846,0.19773293863484473,8.90407489511071
2156.301971655,0.19773293863484473,0.0
2156.303721983,0.19773293863484473,0.0
2156.305576772,0.19773293863484473,0.0
2156.307459208,0.19773293863484473,0.0
2156.309393902,0.14729517396223674,-26.07015097843717
2156.311258487,0.14729517396223674,0.0
2156.313127905,0.14729517396223674,0.0
2156.314991675,0.14729517396223674,0.0
2156.316843241,0.14729517396223674,0.0
2156.318909099,0.14729517396223674,0.0
2156.320795646,0.17081083577459794,12.46492232137049
2156.322666768,0.17081083577459794,0.0
2156.325536402,0.17081083577459794,0.0
2156.328889599,0.17081083577459794,0.0
2156.330747944,0.26818536323000003,52.398519893539984
2156.332617047,0.26818536323000003,0.0
2156.335982447,0.26818536323000003,0.0
2156.33904017,0.26818536323000003,0.0
2156.340925273,0.4048979644626112,72.52261613093115
2156.342789783,0.4048979644626112,0.0
2156.346358271,0.4048979644626112,0.0
2156.349481881,0.4048979644626112,0.0
2156.351344022,0.298743785229488,-57.00652057827659
2156.353286327,0.298743785229488,0.0
2156.355382461,0.298743785229488,0.0
2156.357374321,0.298743785229488,0.0
2156.359507936,0.298743785229488,0.0
2156.361319578,0.15270569434718492,-80.61089934393041
2156.363305956,0.15270569434718492,0.0
2156.36511832,0.15270569434718492,0.0
2156.366847963,0.15270569434718492,0.0
2156.368847378,0.15270569434718492,0.0
2156.370657371,0.13100873209198777,-11.987318322143745
2156.373343473,0.13100873209198777,0.0
2156.376675856,0.13100873209198777,0.0
2156.379347958,0.13100873209198777,0.0
2156.381154526,0.060850662374076235,-38.83500079335536
2156.383081868,0.060850662374076235,0.0
2156.386632005,0.060850662374076235,0.0
2156.389516491,0.060850662374076235,0.0
2156.391329003,0.045190803671895506,-8.63986484064731
2156.393428064,0.045190803671895506,0.0
2156.396751076,0.045190803671895506,0.0
2156.399589212,0.045190803671895506,0.0
2156.401393113,0.03548553805936189,-5.380154240326545
2156.403195366,0.03548553805936189,0.0
2156.405292574,0.03548553805936189,0.0
2156.407136845,0.03548553805936189,0.0
2156.40919411,0.03548553805936189,0.0
2156.411020418,0.0439425519693107,4.630661372303603
2156.412821338,0.0439425519693107,0.0
2156.41461135,0.0439425519693107,0.0
2156.416399918,0.0439425519693107,0.0
2156.418476609,0.0439425519693107,0.0
2156.420321064,0.06717755418579599,12.597218268365406
2156.422129891,0.06717755418579599,0.0
2156.42411551,0.06717755418579599,0.0
2156.427451911,0.06717755418579599,0.0
2156.429786373,0.19120970534406867,53.13093602001818
2156.431621218,0.06391758204260034,-69.37486451467865
2156.434212341,0.06391758204260034,0.0
2156.437533409,0.06391758204260034,0.0
2156.439815521,0.08972343804752708,11.307883225611217
2156.441648014,0.08972343804752708,0.0
2156.443801832,0.08972343804752708,0.0
2156.447213102,0.08972343804752708,0.0
2156.449896741,0.11322983160982933,8.759148888624363
2156.451731178,0.11322983160982933,0.0
2156.453530079,0.11322983160982933,0.0
2156.455323333,0.11322983160982933,0.0
2156.45725773,0.11322983160982933,0.0
2156.459260034,0.11322983160982933,0.0
2156.46123169,0.22736013013959452,57.88550260715514
2156.463039665,0.22736013013959452,0.0
2156.464876491,0.22736013013959452,0.0
2156.466669707,0.22736013013959452,0.0
2156.468463016,0.22736013013959452,0.0
2156.470308527,0.10947117767474782,-63.87875904061198
2156.472116262,0.10947117767474782,0.0
2156.474412003,0.10947117767474782,0.0
2156.477722756,0.10947117767474782,0.0
2156.480128217,0.10181854867802594,-3.1813565032827347
2156.481940766,0.10181854867802594,0.0
2156.484570499,0.10181854867802594,0.0
2156.48790377,0.10181854867802594,0.0
2156.490474449,0.10767546522140001,2.27835390685392
2156.49223374,0.10767546522140001,0.0
2156.494982618,0.10767546522140001,0.0
2156.498237114,0.10767546522140001,0.0
2156.500529633,0.15556605484601788,20.889942296080726
2156.502246295,0.15556605484601788,0.0
2156.503959198,0.15556605484601788,0.0
2156.505662232,0.15556605484601788,0.0
2156.507364339,0.15556605484601788,0.0
2156.509323643,0.15556605484601788,0.0
2156.511069027,0.06388503744678248,-52.5277058779565
2156.512781005,0.06388503744678248,0.0
2156.514483704,0.06388503744678248,0.0
2156.516182978,0.06388503744678248,0.0
2156.517879715,0.06388503744678248,0.0
2156.519756244,0.1890989410091616,66.72633547584819
2156.521471925,0.033588777092897995,-90.64048848284996
2156.523199013,0.033588777092897995,0.0
2156.525386868,0.033588777092897995,0.0
2156.528687899,0.033588777092897995,0.0
2156.530537262,0.07145293444834518,20.474161835751378
2156.532240351,0.07145293444834518,0.0
2156.534825048,0.07145293444834518,0.0
2156.538068173,0.07145293444834518,0.0
2156.54038771,0.0875472540335383,6.938591445426688
2156.542117965,0.0875472540335383,0.0
2156.544451686,0.0875472540335383,0.0
2156.54766459,0.0875472540335383,0.0
2156.550238584,0.09016851758533329,1.018364281981041
2156.55194271,0.09016851758533329,0.0
2156.553635502,0.09016851758533329,0.0
2156.555329276,0.09016851758533329,0.0
2156.55706466,0.09016851758533329,0.0
2156.558864413,0.09016851758533329,0.0
2156.561608718,0.13113566319318404,14.928058507813956
2156.563406841,0.13113566319318404,0.0
2156.565158465,0.13113566319318404,0.0
2156.567160232,0.13113566319318404,0.0
2156.569182683,0.13113566319318404,0.0
2156.570937678,0.3101949223279008,102.0283585456561
2156.572685673,0.3101949223279008,0.0
2156.575206168,0.3101949223279008,0.0
2156.578470904,0.3101949223279008,0.0
2156.58050254,0.15428747701161405,-76.73985168105315
2156.582262813,0.15428747701161405,0.0
2156.585221075,0.15428747701161405,0.0
2156.588588901,0.15428747701161405,0.0
2156.590607575,0.34558902980936596,94.76594676210686
2156.592353033,0.34558902980936596,0.0
2156.594955155,0.34558902980936596,0.0
2156.598238465,0.34558902980936596,0.0
2156.600725498,0.10259682982766506,-97.70364928658053
2156.602585527,0.10259682982766506,0.0
2156.604367169,0.10259682982766506,0.0
2156.606111498,0.10259682982766506,0.0
2156.607849549,0.10259682982766506,0.0
2156.609834019,0.10259682982766506,0.0
2156.611612865,0.6032791399485473,281.4646743600771
2156.613362175,0.6032791399485473,0.0
2156.615266037,0.6032791399485473,0.0
2156.617128918,0.6032791399485473,0.0
2156.618953059,0.6032791399485473,0.0
2156.620777978,0.41965255756223635,-100.62177135717955
2156.622527714,0.41965255756223635,0.0
2156.624533369,0.41965255756223635,0.0
2156.627901732,0.41965255756223635,0.0
2156.630135864,0.33385857547467396,-38.4014830310336
2156.631888933,0.33385857547467396,0.0
2156.633872718,0.33385857547467396,0.0
2156.637111677,0.33385857547467396,0.0
2156.640100624,0.33385857547467396,0.0
2156.6418556,0.2623922211776675,-40.722126283102675
2156.643764832,0.2623922211776675,0.0
2156.647089752,0.2623922211776675,0.0
2156.650132808,0.2623922211776675,0.0
2156.651885025,0.19895444623474942,-36.20429144289204
2156.653640409,0.19895444623474942,0.0
2156.655382515,0.19895444623474942,0.0
2156.657162731,0.19895444623474942,0.0
2156.659045797,0.19895444623474942,0.0
2156.660813236,0.28155064427060755,46.73213504452556
2156.662552898,0.28155064427060755,0.0
2156.664274634,0.28155064427060755,0.0
2156.666001037,0.28155064427060755,0.0
2156.667739458,0.28155064427060755,0.0
2156.669661931,0.28155064427060755,0.0
2156.671389352,0.23569566156793517,-26.54534285749003
2156.673158365,0.23569566156793517,0.0
2156.675982704,0.23569566156793517,0.0
2156.679248496,0.23569566156793517,0.0
2156.680948714,0.2658097200049392,17.711880735938895
2156.682658729,0.2658097200049392,0.0
2156.685323442,0.2658097200049392,0.0
2156.688600845,0.2658097200049392,0.0
2156.690703776,0.6515148733024981,183.4131282874463
2156.692411901,0.6515148733024981,0.0
2156.694766826,33.08019876113383,13770.580332000924
2156.698033173,0.6515148733024981,-9928.119665941256
2156.700615963,0.4411365867873197,-81.45388766521918
2156.702322903,0.4411365867873197,0.0
2156.704017825,0.4411365867873197,0.0
2156.70572321,0.4411365867873197,0.0
2156.707421262,0.4411365867873197,0.0
2156.709143443,0.4411365867873197,0.0
2156.710844624,0.3534313435757693,-51.55550362323653
2156.7126176,0.3534313435757693,0.0
2156.714315929,0.3534313435757693,0.0
2156.716014018,0.3534313435757693,0.0
2156.717712422,0.3534313435757693,0.0
2156.719598895,0.3534313435757693,0.0
2156.721298169,0.3980251635117541,26.24286603726448
2156.723187271,0.3980251635117541,0.0
2156.725050078,0.3980251635117541,0.0
2156.728272575,0.3980251635117541,0.0
2156.730811125,0.3779764896897249,-7.897687192846085
2156.732522658,0.3779764896897249,0.0
2156.734838232,0.3779764896897249,0.0
2156.738073598,0.3779764896897249,0.0
2156.740494559,0.33447468901690824,-17.968815140374073
2156.742204203,0.33447468901690824,0.0
2156.745097855,0.33447468901690824,0.0
2156.748368925,0.33447468901690824,0.0
2156.750738812,0.14859193207076637,-78.43528275703646
2156.752446586,0.14859193207076637,0.0
2156.754142619,0.14859193207076637,0.0
2156.755834208,0.14859193207076637,0.0
2156.757523742,0.14859193207076637,0.0
2156.759217053,0.14859193207076637,0.0
2156.760953085,0.12056392429324382,-16.14486817082314
2156.762731542,0.12056392429324382,0.0
2156.764471241,0.12056392429324382,0.0
2156.766499322,0.12056392429324382,0.0
2156.768247947,0.12056392429324382,0.0
2156.770192993,0.12056392429324382,0.0
2156.772012023,0.5156508367665729,217.19647967793946
2156.773761814,0.5156508367665729,0.0
2156.776813241,0.5156508367665729,0.0
2156.779945554,0.5156508367665729,0.0
2156.781754289,0.4082355874059621,-59.386946864597824
2156.783503895,0.4082355874059621,0.0
2156.786814167,0.4082355874059621,0.0
2156.789907796,0.4082355874059621,0.0
2156.791712864,0.30573466006084665,-56.785078091968124
2156.793472396,0.30573466006084665,0.0
2156.796818963,0.30573466006084665,0.0
2156.800098921,0.30573466006084665,0.0
2156.802050337,0.611192071083659,156.5311604706806
2156.803806147,0.611192071083659,0.0
2156.805804599,0.611192071083659,0.0
2156.807591686,0.611192071083659,0.0
2156.809400087,0.611192071083659,0.0
2156.811156415,0.7181568145122185,60.902487143064526
2156.81290791,0.7181568145122185,0.0
2156.814655071,0.7181568145122185,0.0
2156.816619283,0.7181568145122185,0.0
2156.818372519,0.7181568145122185,0.0
2156.820298306,0.7181568145122185,0.0
2156.822048116,0.5506731898523213,-95.71532032110956
2156.823800907,0.5506731898523213,0.0
2156.826569081,0.5506731898523213,0.0
2156.829901686,0.5506731898523213,0.0
2156.831679199,0.37417888510983277,-99.29283484540797
2156.833476822,0.37417888510983277,0.0
2156.836753929,0.37417888510983277,0.0
2156.8399565,0.37417888510983277,0.0
2156.841738457,0.6473013605945193,153.271080902696
2156.843490859,0.6473013605945193,0.0
2156.84690511,0.6473013605945193,0.0
2156.850298362,0.6473013605945193,0.0
2156.852044672,0.6584201047271955,6.366993336717473
2156.853792556,0.6584201047271955,0.0
2156.85553494,0.6584201047271955,0.0
2156.857277083,0.6584201047271955,0.0
2156.859015282,0.6584201047271955,0.0
2156.860960643,0.6271495107786713,-16.07444271359863
2156.862776321,0.6271495107786713,0.0
2156.864485817,0.6271495107786713,0.0
2156.866223998,0.6271495107786713,0.0
2156.86797477,0.6271495107786713,0.0
2156.869919946,0.6271495107786713,0.0
2156.871645201,0.6168650982616936,-5.961097066248653
2156.873352808,0.6168650982616936,0.0
2156.875784379,0.6168650982616936,0.0
2156.878992209,0.6168650982616936,0.0
2156.881124639,0.5135088749206977,-48.46875317707856
2156.882830746,0.5135088749206977,0.0
2156.885124858,0.5135088749206977,0.0
2156.888352151,0.5135088749206977,0.0
2156.890770518,0.4742031233613058,-16.2530135263954
2156.892483181,0.4742031233613058,0.0
2156.894741034,0.4742031233613058,0.0
2156.897976586,0.4742031233613058,0.0
2156.900697798,0.4742031233613058,0.0
2156.90258666,0.48275674442730265,4.528452086508062
